﻿<?xml version="1.0" encoding="utf-8" ?><xml><Authentication Name="Demo - Admin Login" DisplayLayout="Right" AuthID="9668" Mode="Auth" RedirectSuccessTargetType="AppPage" RedirectProviderFailedTargetType="HTMLPage" RedirectProviderFailedMessage="Unknown user. Contact the app administrator for assistance." RedirectNotLoggedTargetType="AppPage"><DataPageAuth DataSourceName="Demo_Admins_Active" DataSourceType="View" DisplayOrder="1" PageHeader="&lt;table style=&quot;background-color: #03648e; font-size: 14px; padding: 15px;color: #fff;font-family: arial;width: 100%; border-radius: 3px; margin: 0px 0px 15px 0px;&quot;&gt;&#xA;&lt;td&gt;Using the credentials below, sign in as an administrator to manage the directory.&lt;/td&gt;&#xA;&lt;/table&gt;&#xA;&#xA;" PageFooter="&lt;div style=&quot;font-size: 14px; color: #333; font-family: arial; margin: 15px 0px 0px 0px;&quot;&gt;&lt;strong&gt;Credentials:&lt;br /&gt;&#xA;Email: [@app:Email_6]&lt;br /&gt;&#xA;Password: test&lt;/strong&gt;&lt;/div&gt;&#xA;" HeaderRichUI="True" FooterRichUI="True" Enabled="True" AuthFailureMessage="Authentication failed. The information you have provided cannot be authenticated. Check your login information and try again." FailureShowLoginForm="True" Type="Advanced" RedirectType="1" SessionTimeout="120"><Section ColumnCount="1" FieldAlignment="LeftToRight" Type="MultiColumn" DisplayOrder="1"><Field ColumnName="HTML Block 1" Type="HTML Block" Label="&lt;h1&gt;Manage Physicians&lt;/h1&gt;" Unique="False" DisplayOrder="1" Editable="True" DefaultValue="" RichUI="true" /><Field ColumnName="Email" Type="Text Field" Label="Email" Unique="True" DisplayOrder="2" Editable="True" DataType="STRING" Required="False" LabelOrientation="Top" DefaultValue="" ElementWidth="250" ElementWidthUnit="px" MaxLength="255" MinLength="" MaskPassword="False" CaseSensitive="False" /><Field ColumnName="Password" Type="Text Field" Label="Password" Unique="False" DisplayOrder="3" Editable="True" DataType="PASSWORD" Required="False" LabelOrientation="Top" DefaultValue="" ElementWidth="250" ElementWidthUnit="px" MaxLength="255" MinLength="" MaskPassword="True" CaseSensitive="True" /></Section><Mappings /></DataPageAuth><Note /></Authentication><Authentication Name="Demo - Physician Login" DisplayLayout="Right" AuthID="9669" Mode="Auth" RedirectSuccessTargetType="AppPage" RedirectProviderFailedTargetType="HTMLPage" RedirectProviderFailedMessage="Unknown user. Contact the app administrator for assistance." RedirectNotLoggedTargetType="AppPage"><DataPageAuth DataSourceName="Demo_Physicians_Active" DataSourceType="View" DisplayOrder="1" PageHeader="&lt;table style=&quot;background-color: #03648e; font-size: 14px; padding: 15px;color: #fff;font-family: arial; width: 100%; border-radius: 3px; margin: 0px 0px 15px 0px;&quot;&gt;&#xA;&lt;td&gt;Using the credentials below, sign in as a physician to update profile information.&lt;/td&gt;&#xA;&lt;/table&gt;&#xA;&#xA;" PageFooter="&lt;div style=&quot;font-size: 14px; color: #333; font-family: arial; margin: 15px 0px 0px 0px;&quot;&gt;&lt;strong&gt;Credentials:&lt;br /&gt;&#xA;Email: [@app:Email_7]&lt;br /&gt;&#xA;Password: test123&lt;/strong&gt;&lt;/div&gt;&#xA;" HeaderRichUI="True" FooterRichUI="True" Enabled="True" AuthFailureMessage="Authentication failed. The information you have provided cannot be authenticated. Check your login information and try again." FailureShowLoginForm="True" Type="Advanced" RedirectType="1" SessionTimeout="120"><Section ColumnCount="1" FieldAlignment="LeftToRight" Type="MultiColumn" DisplayOrder="1"><Field ColumnName="HTML Block 1" Type="HTML Block" Label="&lt;h1&gt;Update Profile&lt;/h1&gt;" Unique="False" DisplayOrder="1" Editable="True" DefaultValue="" RichUI="true" /><Field ColumnName="Email" Type="Text Field" Label="Email" Unique="True" DisplayOrder="2" Editable="True" DataType="STRING" Required="False" LabelOrientation="Top" DefaultValue="" ElementWidth="250" ElementWidthUnit="px" MaxLength="255" MinLength="" MaskPassword="False" CaseSensitive="False" /><Field ColumnName="Password" Type="Text Field" Label="Password" Unique="False" DisplayOrder="3" Editable="True" DataType="PASSWORD" Required="False" LabelOrientation="Top" DefaultValue="" ElementWidth="250" ElementWidthUnit="px" MaxLength="255" MinLength="" MaskPassword="True" CaseSensitive="True" /></Section><Mappings /></DataPageAuth><Note /></Authentication></xml>