﻿<?xml version="1.0" encoding="utf-8" ?><xml><Application Type="Chart" AppKey="4095500022cf1022fe0d4c84b30d" Name="Manage Physicians" HomePageName="Manage Physicians" Version="25..2" AjaxEnabled="True" EnableSemanticMarkup="True" AllowParameters="Y" AllowCriteriaParameters="Y" UseAsyncDeployment="True" StyleTemplateId="1" LocalizationTemplateId="1"><SearchPage DataSourceType="Table" DataSourceName="Demo_Physicians" Name="Manage Physicians" PageHeader="&lt;table style=&quot;background-color:#03648e; font-size: 14px; padding: 15px; color: #fff; font-family: arial; width:100%; border-radius: 3px; margin: 0px 0px 15px 0px;&quot;&gt;&#xA;&lt;td&gt;This is a search form to filter physicians using specific criteria.&lt;/td&gt;&#xA;&lt;/table&gt;&#xA;&lt;div style=&quot;width: 100%;&quot;&gt;&#xA;&lt;div style=&quot;float:right;&quot;&gt;&lt;a href=&quot;../folderlogout&quot; style=&quot;text-decoration: underline; font-size: 14px; font-family: arial;&quot;&gt;Logout&lt;/a&gt;&lt;/div&gt;&#xA;&lt;/div&gt;&#xA;" RichHeader="True" RichFooter="True" AutoFocusInFirstField="False" GlobalOperator="AND" DisplayReport="AfterSubmission"><CriteriaRoot><CriteriaGroup Type="AND"><CriteriaItem CriteriaId="1" /><CriteriaItem CriteriaId="2" /><CriteriaItem CriteriaId="5" /><CriteriaItem CriteriaId="6" /></CriteriaGroup></CriteriaRoot><Section ColumnCount="1" FieldAlignment="LeftToRight" Type="MultiColumn" DisplayOrder="1"><Field ColumnName="HTML Block 1" DisplayOrder="1"><FieldMatch RichUI="False" Label="&lt;h1&gt;Manage Physicians&lt;/h1&gt;" Type="HTML Block" Unique="False" DisplayOrder="1" Required="False" MatchNull="N" Operator="" DefaultValue="" /></Field><Field ColumnName="First_Name" DataType="STRING" DisplayOrder="2"><FieldMatch Label="First Name" Type="Text Field" Unique="False" DisplayOrder="1" Editable="True" LabelOrientation="Left" Required="False" ComparisonType="LIKE" MatchNull="N" Operator="OR" CriteriaId="1" DefaultValue="" ElementWidth="250" ElementWidthUnit="px" MaxLength="255" MinLength="0" Calendar="False" /></Field><Field ColumnName="Last_Name" DataType="STRING" DisplayOrder="3"><FieldMatch Label="Last Name" Type="Text Field" Unique="False" DisplayOrder="1" Editable="True" LabelOrientation="Left" Required="False" ComparisonType="LIKE" MatchNull="N" Operator="OR" CriteriaId="2" DefaultValue="" ElementWidth="250" ElementWidthUnit="px" MaxLength="255" MinLength="0" Calendar="False" /></Field><Field ColumnName="Account_Status" DataType="YES/NO" DisplayOrder="4"><FieldMatch Label="Account Status" Type="Radio Buttons" Unique="False" DisplayOrder="1" Editable="True" LabelOrientation="Left" Required="False" ComparisonType="=" MatchNull="Y" Operator="OR" CriteriaId="5" LineBreak="False"><Option Value="Y" DisplayText="Yes" IsSelected="False" DisplayOrder="1" /><Option Value="N" DisplayText="No" IsSelected="False" DisplayOrder="2" /><Option Value="A" DisplayText="Any" IsSelected="True" DisplayOrder="3" /></FieldMatch></Field><Field ColumnName="Profile_Status" DataType="YES/NO" DisplayOrder="5"><FieldMatch Label="Profile Status" Type="Radio Buttons" Unique="False" DisplayOrder="1" Editable="True" LabelOrientation="Left" Required="False" ComparisonType="=" MatchNull="Y" Operator="OR" CriteriaId="6" LineBreak="False"><Option Value="Y" DisplayText="Yes" IsSelected="False" DisplayOrder="1" /><Option Value="N" DisplayText="No" IsSelected="False" DisplayOrder="2" /><Option Value="A" DisplayText="Any" IsSelected="True" DisplayOrder="3" /></FieldMatch></Field></Section><SearchRecordsetPage PageHeader="&lt;table style=&quot;background-color:#03648e; font-size: 14px; padding: 15px; color: #fff; font-family: arial; width:100%; border-radius: 3px; margin: 0px 0px 15px 0px;&quot;&gt;&#xA; &lt;tbody&gt;&#xA;  &lt;tr&gt;&#xA;   &lt;td&gt;You are now looking at the results page, where you can view and manage physician profiles.&lt;/td&gt;&#xA;  &lt;/tr&gt;&#xA; &lt;/tbody&gt;&#xA;&lt;/table&gt;&#xA;&#xA;&lt;h1&gt;Search Results&lt;/h1&gt;&#xA;" RichHeader="True" RichFooter="True" Display="Tabular" ApplyDataDownloadFormatting="True" ApplyLabelsFormatting="True" ColumnSortingType="Column" RowsPerPage="25" HideNumberOfRecords="False" ColumnSorting="true" JumpToPage="True" BulkDelete="False" BulkUpdate="True" GridEdit="True" DisplayRowIndex="False" FreezeHeader="False" ApplyRandomSort="False" FreezeColumnsCount="0" DisplayColumns="1" TotalRows="" InlineAdd="False" SearchAgainLink="True"><BulkUpdatePage RichHeader="False" RichFooter="False" TargetType="AppPage"><Section ColumnCount="1" FieldAlignment="LeftToRight" Type="MultiColumn" DisplayOrder="1"><Field ColumnName="Account_Status" Label="Account Status" Type="Checkbox" Unique="False" DisplayOrder="1" Editable="True" DataType="YES/NO" LabelOrientation="Left" Required="false" DefaultValue="" CheckedByDefault="False" DisplayText="" CheckedValue="Y" /><Field ColumnName="Profile_Status" Label="Profile Status" Type="Checkbox" Unique="False" DisplayOrder="2" Editable="True" DataType="YES/NO" LabelOrientation="Left" Required="false" DefaultValue="" CheckedByDefault="False" DisplayText="" CheckedValue="Y" /></Section></BulkUpdatePage><Chart Version="4.2.6" Type="bar" Enable3DView="False" Donut="False" Step="False" Zoom="False" EnablePercentageStacking="True" Inverted="False" EnablePrint="False" RecordCount="0" Width="" Height="" EnableXGrid="False" EnableYGrid="True" ChartRecordsLimit="5" Stacking="" Title="Top 5 Most Viewed Profiles" SubTitle="" XAxisTitle="" CategoryLabelRotation="Auto" ResultSetPosition="Below" CombinedChart="True" SearchAgainLink="False" RelativeSearchFormURL="False"><Legend Enabled="False"><Format Type="Boolean" YesValue="Published" NoValue="Unpublished" /></Legend><SeriesList><Field ColumnName="Full_Name" DataType="STRING" DateTimeGroupFunc="" SortOrder="" SortDir="" LabelLength="25" /><Series DisplayOrder="1" ValueAxisId="1"><Field ColumnName="ViewCount" DataType="NUMBER" LegendLabel="ViewCount" Aggregate="" ReplaceNullValues="True" SortOrder="1" SortDir="DESC"><Format /></Field></Series></SeriesList><ValueAxisList><Axis Id="1" Title="" Scale="True" ScaleMin="1000" ScaleMax="3000" Opposite="False" ShowTooltips="True" ShowDataLabels="False" LabelRotation="Auto" TooltipPattern="&lt;strong&gt;[@cbChartCategory]&lt;/strong&gt;&lt;br /&gt;[@cbChartValue]"><Format Type="Number" Culture="en-US" DecimalSeparator="." GroupSeparator="," NegativeSign="-" NegativePattern="2" DecimalDigits="0" /></Axis></ValueAxisList></Chart><DisplayField ColumnName="First_Name" DataType="STRING" Unique="False" Label="First Name" Type="Plain Text" SortOrder="" SortDir="" DisplayOrder="1" Editable="True"><Format Type="" /><Field ColumnName="First_Name" Type="Text Field" Unique="False" DisplayOrder="1" Editable="True" DataType="STRING" LabelOrientation="Left" Required="True" DefaultValue="" Size="25" MaxLength="255" MinLength="0" Confirmation="false" Calendar="False" /></DisplayField><DisplayField ColumnName="Last_Name" DataType="STRING" Unique="False" Label="Last Name" Type="Plain Text" SortOrder="" SortDir="" DisplayOrder="2" Editable="True"><Format Type="" /><Field ColumnName="Last_Name" Type="Text Field" Unique="False" DisplayOrder="1" Editable="True" DataType="STRING" LabelOrientation="Left" Required="True" DefaultValue="" Size="25" MaxLength="255" MinLength="0" Confirmation="false" Calendar="False" /></DisplayField><DisplayField ColumnName="Title" DataType="STRING" Unique="False" Label="Title" Type="Plain Text" SortOrder="" SortDir="" DisplayOrder="3" Editable="True"><Format Type="" /><Field ColumnName="Title" Type="Text Field" Unique="False" DisplayOrder="1" Editable="True" DataType="STRING" LabelOrientation="Left" Required="false" DefaultValue="" Size="25" MaxLength="255" MinLength="0" Confirmation="false" Calendar="false" /></DisplayField><DisplayField ColumnName="Office_Name" DataType="STRING" Unique="False" Label="Office Name" Type="Plain Text" SortOrder="" SortDir="" DisplayOrder="4" Editable="True"><Format Type="" /><Field ColumnName="Office_Name" Type="Text Field" Unique="False" DisplayOrder="1" Editable="True" DataType="STRING" LabelOrientation="Left" Required="false" DefaultValue="" Size="25" MaxLength="255" MinLength="0" Confirmation="false" Calendar="false" /></DisplayField><DisplayField ColumnName="Office_City" DataType="STRING" Unique="False" Label="City" Type="Plain Text" SortOrder="" SortDir="" DisplayOrder="5" Editable="True"><Format Type="" /><Field ColumnName="Office_City" Type="Text Field" Unique="False" DisplayOrder="1" Editable="True" DataType="STRING" LabelOrientation="Left" Required="false" DefaultValue="" Size="25" MaxLength="255" MinLength="0" Confirmation="false" Calendar="false" /></DisplayField><DisplayField ColumnName="Account_Status" DataType="YES/NO" Unique="False" Label="Account Status" Type="Plain Text" SortOrder="" SortDir="" DisplayOrder="6" Editable="True"><Format Type="Boolean" YesValue="Active" NoValue="Inactive" YesColor="#399C39" NoColor="#FF0000" /><Field ColumnName="Account_Status" Type="Checkbox" Unique="False" DisplayOrder="1" Editable="True" DataType="YES/NO" LabelOrientation="Left" Required="False" DefaultValue="" CheckedByDefault="False" DisplayText="" CheckedValue="Y" /></DisplayField><DisplayField ColumnName="Profile_Status" DataType="YES/NO" Unique="False" Label="Profile Status" Type="Plain Text" SortOrder="1" SortDir="ASC" DisplayOrder="7" Editable="True"><Format Type="Boolean" YesValue="Published" NoValue="Pending Approval" YesColor="#399C39" NoColor="#FF0000" /><Field ColumnName="Profile_Status" Type="Checkbox" Unique="False" DisplayOrder="1" Editable="True" DataType="YES/NO" LabelOrientation="Left" Required="False" DefaultValue="" CheckedByDefault="False" DisplayText="" CheckedValue="Y" /></DisplayField><DisplayField ColumnName="Date_Created" DataType="DATE/TIME" Unique="False" Label="Date Created" Type="Hidden" SortOrder="2" SortDir="DESC" DisplayOrder="8"><Format Type="Shortdate" /></DisplayField><RecordDetailsPage PageHeader="&lt;table style=&quot;background-color:#03648e; font-size: 14px; padding: 15px; color: #fff; font-family: arial; width:100%; border-radius: 3px; margin: 0px 0px 15px 0px;&quot;&gt;&#xA;&lt;td&gt;This is the details page where you can edit the profile and publish it in the directory.&lt;/td&gt;&#xA;&lt;/table&gt;&#xA;&lt;div style=&quot;width: 100%;&quot;&gt;&#xA;&lt;div style=&quot;float:right;&quot;&gt;&lt;a href=&quot;../folderlogout&quot; style=&quot;text-decoration: underline; font-size: 14px; font-family: arial;&quot;&gt;Logout&lt;/a&gt;&lt;/div&gt;&#xA;&lt;/div&gt;&#xA;" RichHeader="True" RichFooter="True" AutoFocusInFirstField="False" TargetType="Results" DeleteTargetType="Results" DeleteRecord="True" JumpToPage="True" ApplyLabelsFormatting="True" BackToReportLink="False" SearchAgainLink="True" RichMessage="False" RichDeleteMessage="False"><Section ColumnCount="1" FieldAlignment="LeftToRight" Type="MultiColumn" DisplayOrder="1"><Field ColumnName="HTML Block 4" RichUI="true" Label="&lt;h1&gt;Edit Profile&lt;/h1&gt;" Type="HTML Block" Unique="False" DisplayOrder="1" Editable="True" Required="False" DefaultValue="" /><Field ColumnName="Date_Created" Label="Date Created" Type="Static" Unique="False" DisplayOrder="2" Editable="False" DataType="DATE/TIME" LabelOrientation="Left" Required="False" DefaultValue="" DisplayType="Plain Text"><Format Type="Shortdate" /></Field><Field ColumnName="ViewCount" Label="Profile Views" Type="Static" Unique="False" DisplayOrder="3" Editable="False" DataType="NUMBER" LabelOrientation="Left" Required="False" DefaultValue="" DisplayType="Plain Text"><Format Type="" /></Field><Field ColumnName="Profile_Photo" Label="Profile Photo" Type="File" Unique="False" DisplayOrder="4" Editable="True" DataType="FILE" LabelOrientation="NoPlaced" Required="False" DefaultValue="" Association="Upload" FolderPath="/Demo" Replace="True" SizeLimit="1" DisplayType="Image" Width="300" Height="" EnabledRotation="False" /><Field ColumnName="First_Name" Label="First Name" Type="Text Field" Unique="False" DisplayOrder="5" Editable="True" DataType="STRING" LabelOrientation="Top" KeepWithNext="True" Required="True" DefaultValue="" ElementWidth="250" ElementWidthUnit="px" MaxLength="255" MinLength="0" Confirmation="false" Calendar="False" /><Field ColumnName="Last_Name" Label="Last Name" Type="Text Field" Unique="False" DisplayOrder="6" Editable="True" DataType="STRING" LabelOrientation="Top" Required="True" DefaultValue="" ElementWidth="250" ElementWidthUnit="px" MaxLength="255" MinLength="0" Confirmation="false" Calendar="False" /><Field ColumnName="Title" Label="Title" Type="Text Field" Unique="False" DisplayOrder="7" Editable="True" DataType="STRING" LabelOrientation="Top" KeepWithNext="True" Required="False" DefaultValue="" ElementWidth="250" ElementWidthUnit="px" MaxLength="255" MinLength="0" Confirmation="false" Calendar="False" /><Field ColumnName="Gender" Label="Gender" Type="Dropdown" Unique="False" DisplayOrder="8" Editable="True" DataType="STRING" LabelOrientation="Top" Required="True" ElementWidth="250" ElementWidthUnit="px"><Option Value="Male" DisplayText="Male" IsSelected="false" DisplayOrder="" /><Option Value="Female" DisplayText="Female" IsSelected="False" DisplayOrder="" /><Format Type="" /></Field><Field ColumnName="HTML Block 1" RichUI="true" Label="&lt;h3&gt;Location&lt;/h3&gt;" Type="HTML Block" Unique="False" DisplayOrder="9" Editable="True" Required="False" DefaultValue="" /><Field ColumnName="Office_Name" Label="Office Name" Type="Text Field" Unique="False" DisplayOrder="10" Editable="True" DataType="STRING" LabelOrientation="Top" KeepWithNext="True" Required="False" DefaultValue="" ElementWidth="250" ElementWidthUnit="px" MaxLength="255" MinLength="0" Confirmation="false" Calendar="False" /><Field ColumnName="Office_Phone" Label="Phone" Type="Text Field" Unique="False" DisplayOrder="11" Editable="True" DataType="STRING" LabelOrientation="Top" Required="False" DefaultValue="" ElementWidth="250" ElementWidthUnit="px" MaxLength="255" MinLength="0" Confirmation="false" Calendar="False" /><Field ColumnName="Office_Address" Label="Address" Type="Text Field" Unique="False" DisplayOrder="12" Editable="True" DataType="STRING" LabelOrientation="Top" Required="False" DefaultValue="" ElementWidth="530" ElementWidthUnit="px" MaxLength="255" MinLength="0" Confirmation="false" Calendar="False" /><Field ColumnName="Office_City" Label="Office City" Type="Text Field" Unique="False" DisplayOrder="13" Editable="True" DataType="STRING" LabelOrientation="Top" KeepWithNext="True" Required="False" DefaultValue="" ElementWidth="200" ElementWidthUnit="px" MaxLength="255" MinLength="0" Confirmation="false" Calendar="False" /><Field ColumnName="Office_State" Label="Office State" Type="Dropdown" Unique="False" DisplayOrder="14" Editable="True" DataType="STRING" LabelOrientation="Top" KeepWithNext="True" Required="False" ElementWidth="150" ElementWidthUnit="px"><LookUp DataSourceName="Demo_States_Lookup" DataSourceType="Table" Value="State" DisplayText="State" Distinct="true" OrderBy="ASC" SortBy="text" DisplayOrder="Bottom" /><Format Type="" /></Field><Field ColumnName="Office_Zip" Label="Office Zip" Type="Text Field" Unique="False" DisplayOrder="15" Editable="True" DataType="STRING" LabelOrientation="Top" Required="False" DefaultValue="" ElementWidth="120" ElementWidthUnit="px" MaxLength="255" MinLength="0" Confirmation="false" Calendar="False" /><Field ColumnName="HTML Block 2" RichUI="true" Label="&lt;h3&gt;Professional Details&lt;/h3&gt;&#xA;" Type="HTML Block" Unique="False" DisplayOrder="16" Editable="True" Required="False" DefaultValue="" /><Field ColumnName="Specialties" Label="Specialties" Type="MSDropdown" Unique="False" DisplayOrder="17" Editable="True" DataType="LIST-STRING" LabelOrientation="Top" KeepWithNext="True" Required="True" DefaultValue="" ShowSelectAllOption="False" ElementWidth="250" ElementWidthUnit="px"><Format Type="" /></Field><Field ColumnName="Languages" Label="Languages Spoken" Type="MSDropdown" Unique="False" DisplayOrder="18" Editable="True" DataType="LIST-STRING" LabelOrientation="Top" Required="True" DefaultValue="" ShowSelectAllOption="False" ElementWidth="250" ElementWidthUnit="px"><Format Type="" /></Field><Field ColumnName="Affiliations" Label="Affiliations" Type="Text Area" Unique="False" DisplayOrder="19" Editable="True" DataType="TEXT" LabelOrientation="Top" RichEditMode="None" KeepWithNext="True" Required="False" DefaultValue="" ElementWidth="250" ElementWidthUnit="px" Rows="5" MaxLength="64000" ShowRemainingCharacters="False" /><Field ColumnName="Board_Certifications" Label="Board Certifications" Type="Text Area" Unique="False" DisplayOrder="20" Editable="True" DataType="TEXT" LabelOrientation="Top" Required="False" DefaultValue="" ElementWidth="250" ElementWidthUnit="px" Rows="5" MaxLength="64000" ShowRemainingCharacters="False" /><Field ColumnName="Education" Label="Education" Type="Text Area" Unique="False" DisplayOrder="21" Editable="True" DataType="TEXT" LabelOrientation="Top" RichEditMode="None" KeepWithNext="True" Required="False" DefaultValue="" ElementWidth="250" ElementWidthUnit="px" Rows="5" MaxLength="64000" ShowRemainingCharacters="False" /><Field ColumnName="About_Section" Label="About Section" Type="Text Area" Unique="False" DisplayOrder="22" Editable="True" DataType="TEXT" LabelOrientation="Top" RichEditMode="None" Required="False" DefaultValue="" ElementWidth="250" ElementWidthUnit="px" Rows="5" MaxLength="64000" ShowRemainingCharacters="False" /><Field ColumnName="HTML Block 3" RichUI="true" Label="&lt;h3&gt;Account Information&lt;/h3&gt;" Type="HTML Block" Unique="False" DisplayOrder="23" Editable="True" Required="False" DefaultValue="" /><Field ColumnName="Email" Label="Email" Type="Email" Unique="True" DisplayOrder="24" Editable="True" DataType="STRING" LabelOrientation="Top" KeepWithNext="True" Required="True" DefaultValue="" ElementWidth="250" ElementWidthUnit="px" MaxLength="255" MinLength="0" Confirmation="true" ConfirmationLabel="Confirm Change of Email" ConfirmationPlaceHolder="" ConfirmationHint="" CurrentPasswordHint="" CurrentPasswordPlaceHolder="" Calendar="false" /><Field ColumnName="Account_Status" Label="Account Status" Type="Checkbox" Unique="False" DisplayOrder="25" Editable="True" DataType="YES/NO" LabelOrientation="NoPlaced" Required="false" DefaultValue="" CheckedByDefault="False" DisplayText="Check to enable account for physician access" CheckedValue="" /><Field ColumnName="Profile_Status" Label="Profile Status" Type="Checkbox" Unique="False" DisplayOrder="26" Editable="True" DataType="YES/NO" LabelOrientation="NoPlaced" Required="false" DefaultValue="" CheckedByDefault="False" DisplayText="Check to publish profile in directory" CheckedValue="" /></Section></RecordDetailsPage><RecordAction ActionType="INLINE EDIT" DisplayOrder="1" Label="Edit" /><RecordAction ActionType="VIEW" DisplayOrder="2" Label="View Details" Type="Special" /></SearchRecordsetPage></SearchPage><Note /></Application><Application Type="WebApp" AppKey="409550001c931937562949d18d21" Name="Physician Directory" HomePageName="Physician Directory" Version="25..2" AjaxEnabled="True" EnableSemanticMarkup="True" AllowParameters="Y" AllowCriteriaParameters="Y" UseAsyncDeployment="True" StyleTemplateId="1" LocalizationTemplateId="1"><SearchPage DataSourceType="View" DataSourceName="Demo_Physicians_Published" Name="Physician Directory" PageHeader="&lt;table style=&quot;background-color:#03648e; color: #fff; padding: 15px; font-size: 14px; font-family: arial; width:100%; border-radius: 3px; margin: 0px 0px 15px 0px;&quot;&gt;&lt;td&gt;This interface allows visitors to search for a physician based on their interest.&lt;/td&gt;&lt;/table&gt;" RichHeader="True" RichFooter="True" AutoFocusInFirstField="False" GlobalOperator="AND" DisplayReport="AfterSubmission"><CriteriaRoot><CriteriaGroup Type="AND"><CriteriaItem CriteriaId="1" /><CriteriaItem CriteriaId="2" /><CriteriaItem CriteriaId="3" /><CriteriaItem CriteriaId="4" /><CriteriaItem CriteriaId="6" /><CriteriaItem CriteriaId="7" /><CriteriaItem CriteriaId="5" /></CriteriaGroup></CriteriaRoot><Section ColumnCount="1" FieldAlignment="LeftToRight" Type="MultiColumn" DisplayOrder="1"><Field ColumnName="HTML Block 1" DisplayOrder="1"><FieldMatch RichUI="true" Label="&lt;h1&gt;Find a Physician&lt;/h1&gt;" Type="HTML Block" Unique="False" DisplayOrder="1" Required="False" MatchNull="N" Operator="" DefaultValue="" /></Field><Field ColumnName="First_Name" DataType="STRING" DisplayOrder="2"><FieldMatch Label="First Name" Type="Text Field" Unique="False" DisplayOrder="1" Editable="True" LabelOrientation="Top" Required="False" ComparisonType="=" MatchNull="N" Operator="OR" EnableWildcards="True" CriteriaId="1" DefaultValue="" ElementWidth="290" ElementWidthUnit="px" MaxLength="255" MinLength="0" Calendar="False" EnableAutoComplete="True"><LookUp DataSourceName="Demo_Physicians" DataSourceType="Table" Value="First_Name" AutoCompleteComparisonType="CONTAINS" OrderBy="ASC" /></FieldMatch></Field><Field ColumnName="Last_Name" DataType="STRING" DisplayOrder="3"><FieldMatch Label="Last Name" Type="Text Field" Unique="False" DisplayOrder="1" Editable="True" LabelOrientation="Top" Required="False" ComparisonType="=" MatchNull="N" Operator="OR" CriteriaId="2" DefaultValue="" ElementWidth="290" ElementWidthUnit="px" MaxLength="255" MinLength="0" Calendar="False" EnableAutoComplete="True"><LookUp DataSourceName="Demo_Physicians" DataSourceType="Table" Value="Last_Name" AutoCompleteComparisonType="CONTAINS" OrderBy="ASC" /></FieldMatch></Field><Field ColumnName="Specialties" DataType="LIST-STRING" DisplayOrder="4"><FieldMatch Label="Specialties" Type="MSListbox" Unique="False" DisplayOrder="1" Editable="True" LabelOrientation="Top" Required="False" ComparisonType="LIKE" MatchNull="N" MultiSelectOperator="OR" Operator="OR" CriteriaId="4" DefaultValue="" CheckAllValuesByDefault="False" ShowSelectAllOption="False" ElementWidth="290" ElementWidthUnit="px" NumberDisplayed="5"><Format /></FieldMatch></Field><Field ColumnName="Languages_Spoken" DataType="LIST-STRING" DisplayOrder="5"><FieldMatch Label="Languages Spoken" Type="MSListbox" Unique="False" DisplayOrder="1" Editable="True" LabelOrientation="Top" Required="False" ComparisonType="LIKE" MatchNull="N" MultiSelectOperator="OR" Operator="OR" CriteriaId="5" DefaultValue="" CheckAllValuesByDefault="False" ShowSelectAllOption="False" ElementWidth="290" ElementWidthUnit="px" NumberDisplayed="5"><Format /></FieldMatch></Field><Field ColumnName="Gender" DataType="STRING" DisplayOrder="6"><FieldMatch Label="Gender" Type="Radio Buttons" Unique="False" DisplayOrder="1" Editable="True" LabelOrientation="Top" Required="False" ComparisonType="=" MatchNull="N" Operator="OR" CriteriaId="3" LineBreak="False"><Option Value="Male" DisplayText="Male" IsSelected="false" DisplayOrder="" /><Option Value="Female" DisplayText="Female" IsSelected="False" DisplayOrder="" /><Option Value="" DisplayText="Any" IsSelected="True" DisplayOrder="" /><Format /></FieldMatch></Field><Field ColumnName="Accepting_New_Patients" DataType="YES/NO" DisplayOrder="7"><FieldMatch Label="Accepting New Patients" Type="Radio Buttons" Unique="False" DisplayOrder="1" Editable="True" LabelOrientation="Top" Required="False" ComparisonType="=" MatchNull="Y" Operator="OR" CriteriaId="6" LineBreak="False"><Option Value="Y" DisplayText="Yes" IsSelected="True" DisplayOrder="1" /><Option Value="N" DisplayText="No" IsSelected="False" DisplayOrder="2" /><Option Value="A" DisplayText="Any" IsSelected="False" DisplayOrder="3" /></FieldMatch></Field><Field ColumnName="Profile_Status" DataType="YES/NO" DisplayOrder="8"><FieldMatch Type="Hidden" Unique="False" DisplayOrder="1" Editable="True" LabelOrientation="Left" ComparisonType="=" MatchNull="Y" Operator="OR" CriteriaId="7" DefaultValue="Y" /></Field></Section><SearchRecordsetPage PageHeader="&lt;table style=&quot;background-color:#03648e; font-size: 14px; padding: 15px; color: #fff; font-family: arial; width:100%; border-radius: 3px; margin: 0px 0px 15px 0px;&quot;&gt;&#xA;&lt;td&gt;You&amp;#39;re now viewing the results of your search. You can &amp;quot;search again&amp;quot; or click on the name of each physician to view their profile.&lt;/td&gt;&lt;/table&gt;&#xA;&lt;h1&gt;Search Results&lt;/h1&gt;&#xA;" RichHeader="True" RichFooter="True" Display="Tabular" ApplyDataDownloadFormatting="True" ApplyLabelsFormatting="True" ColumnSortingType="Column" RowsPerPage="10" HideNumberOfRecords="False" ColumnSorting="true" JumpToPage="True" BulkDelete="False" BulkUpdate="False" GridEdit="False" DisplayRowIndex="False" FreezeHeader="False" ApplyRandomSort="False" FreezeColumnsCount="0" DisplayColumns="1" TotalRows="" InlineAdd="False" SearchAgainLink="True"><DisplayField ColumnName="Profile_Picture" DataType="FILE" Unique="False" Label="" Type="Image" Width="100" Height="" SortOrder="" SortDir="" DisplayOrder="1" Editable="False" /><DisplayField ColumnName="Full_Name" DataType="STRING" Unique="False" Label="Name" Type="Plain Text" SortOrder="" SortDir="" DisplayOrder="2" Editable="False"><Format Type="" /></DisplayField><DisplayField ColumnName="Title" DataType="STRING" Unique="False" Label="Title" Type="Plain Text" SortOrder="" SortDir="" DisplayOrder="3" Editable="False"><Format Type="" /></DisplayField><DisplayField ColumnName="Specialties" DataType="LIST-STRING" Unique="False" Label="Specialties" Type="Plain Text" SortOrder="" SortDir="" DisplayOrder="4" Editable="False"><Format Type="" /></DisplayField><DisplayField ColumnName="Office_Name" DataType="STRING" Unique="False" Label="Office" Type="Plain Text" SortOrder="" SortDir="" DisplayOrder="5" Editable="False"><Format Type="" /></DisplayField><DisplayField ColumnName="HTML Block 1" RichUI="true" Label="[@field:Office_Address]&lt;br /&gt;&#xA;[@field:Office_City],&amp;nbsp;[@field:Office_State]&amp;nbsp;[@field:Office_Zip]" Type="HTML Block" AllowJS="False" ColumnLabel="Location" SortOrder="" SortDir="" DisplayOrder="6" Editable="False" /><DisplayField ColumnName="Last_Name" DataType="STRING" Unique="False" Label="Last Name" Type="Hidden" SortOrder="1" SortDir="ASC" DisplayOrder="7"><Format Type="" /></DisplayField><RecordDetailsPage PageHeader="&lt;table style=&quot;background-color:#03648e; font-size: 14px; padding: 15px; color: #fff; font-family: arial; width:100%; border-radius: 3px; margin: 0px 0px 15px 0px;&quot;&gt;&#xA;&lt;td&gt;You are now viewing the details page of your selected physician. You can &amp;quot;search again&amp;quot; or navigate to the next physician at the bottom of this page.&lt;/td&gt;&#xA;&lt;/table&gt;" RichHeader="True" RichFooter="True" AutoFocusInFirstField="False" TargetType="Results" DeleteTargetType="Results" DeleteRecord="False" JumpToPage="True" ApplyLabelsFormatting="True" BackToReportLink="False" SearchAgainLink="True" RichMessage="False" RichDeleteMessage="False"><Section ColumnCount="1" FieldAlignment="LeftToRight" Type="MultiColumn" DisplayOrder="1"><Field ColumnName="HTML Block 9" RichUI="true" Label="&lt;h1&gt;Physician Profile&lt;/h1&gt;" Type="HTML Block" Unique="False" DisplayOrder="1" Editable="True" Required="False" DefaultValue="" /><Field ColumnName="Profile_Picture" Label="Profile Picture" Type="Static" Unique="False" DisplayOrder="2" Editable="False" DataType="FILE" LabelOrientation="NoPlaced" Required="False" DefaultValue="" DisplayType="Image" Width="150" Height="" /><Field ColumnName="HTML Block 4" RichUI="True" Label="&lt;strong&gt;&lt;span style=&quot;font-size: 24px; font-family: arial; color: #174478;&#xA;&quot;&gt;[@field:Full_Name]&lt;/span&gt;&lt;/strong&gt;&lt;br /&gt;&#xA;&lt;br /&gt;&#xA;&lt;strong&gt;&lt;span style=&quot;font-size: 16px; font-family: arial;&quot;&gt;[@field:Title]&lt;/span&gt;&lt;/strong&gt;&lt;br /&gt;&#xA;&amp;nbsp;" Type="HTML Block" Unique="False" DisplayOrder="3" Editable="True" Required="False" DefaultValue="" /><Field ColumnName="About_Section" Label="About Section" Type="Static" Unique="False" DisplayOrder="4" Editable="False" DataType="TEXT" LabelOrientation="NoPlaced" Required="False" DefaultValue="" DisplayType="Plain Text"><Format Type="" /></Field><Field ColumnName="HTML Block 3" RichUI="true" Label="&lt;h3&gt;Location&lt;/h3&gt;&#xA;" Type="HTML Block" Unique="False" DisplayOrder="5" Editable="True" Required="False" DefaultValue="" /><Field ColumnName="HTML Block 8" RichUI="true" Label="&lt;span style=&quot;font-size: 14px;&quot;&gt;[@field:Office_Name]&lt;br /&gt;&#xA;[@field:Office_Address]&lt;br /&gt;&#xA;[@field:Office_City],&amp;nbsp;[@field:Office_State]&amp;nbsp;[@field:Office_Zip]&lt;br /&gt;&#xA;[@field:Office_Phone]&lt;/span&gt;" Type="HTML Block" Unique="False" DisplayOrder="6" Editable="True" Required="False" DefaultValue="" /><Field ColumnName="HTML Block 2" RichUI="True" Label="&lt;h3&gt;Specialties&lt;/h3&gt;" Type="HTML Block" Unique="False" DisplayOrder="7" Editable="True" Required="False" DefaultValue="" /><Field ColumnName="Specialties" Label="Specialties" Type="Static" Unique="False" DisplayOrder="8" Editable="False" DataType="LIST-STRING" LabelOrientation="NoPlaced" Required="False" DefaultValue="" DisplayType="Plain Text"><Format Type="" /></Field><Field ColumnName="HTML Block 1" RichUI="true" Label="&lt;h3&gt;Languages&lt;/h3&gt;" Type="HTML Block" Unique="False" DisplayOrder="9" Editable="True" Required="False" DefaultValue="" /><Field ColumnName="Languages_Spoken" Label="Languages Spoken" Type="Static" Unique="False" DisplayOrder="10" Editable="False" DataType="LIST-STRING" LabelOrientation="NoPlaced" Required="False" DefaultValue="" DisplayType="Plain Text"><Format Type="" /></Field><Field ColumnName="HTML Block 6" RichUI="true" Label="&lt;h3&gt;Affiliations&amp;nbsp;&lt;/h3&gt;" Type="HTML Block" Unique="False" DisplayOrder="11" Editable="True" Required="False" DefaultValue="" /><Field ColumnName="Affiliations" Label="Affiliations" Type="Static" Unique="False" DisplayOrder="12" Editable="False" DataType="TEXT" LabelOrientation="NoPlaced" Required="False" DefaultValue="" DisplayType="Plain Text"><Format Type="" /></Field><Field ColumnName="HTML Block 5" RichUI="true" Label="&lt;h3&gt;Board Certifications&lt;/h3&gt;" Type="HTML Block" Unique="False" DisplayOrder="13" Editable="True" Required="False" DefaultValue="" /><Field ColumnName="Board_Certifications" Label="Board Certifications" Type="Static" Unique="False" DisplayOrder="14" Editable="False" DataType="TEXT" LabelOrientation="NoPlaced" Required="False" DefaultValue="" DisplayType="Plain Text"><Format Type="" /></Field><Field ColumnName="HTML Block 7" RichUI="true" Label="&lt;h3&gt;Education&lt;/h3&gt;" Type="HTML Block" Unique="False" DisplayOrder="15" Editable="True" Required="False" DefaultValue="" /><Field ColumnName="Education_and_Training" Label="Education and Training" Type="Static" Unique="False" DisplayOrder="16" Editable="False" DataType="TEXT" LabelOrientation="NoPlaced" Required="False" DefaultValue="" DisplayType="Plain Text"><Format Type="" /></Field><Field ColumnName="ViewCount" Label="ViewCount" Type="PageViewIncrement" Unique="False" DisplayOrder="17" Editable="True" DataType="NUMBER" Required="False" LabelOrientation="Left" DefaultValue="" /></Section></RecordDetailsPage><RecordAction ActionType="VIEW" DisplayOrder="1" Label="View Details" Type="Field" FieldName="Full_Name" /></SearchRecordsetPage></SearchPage><Note /></Application><Application Type="WebForm" AppKey="409550008f83dc4dd4554a07b7bf" Name="Physician Registration" HomePageName="Physician Registration" Version="25..2" AjaxEnabled="True" EnableSemanticMarkup="True" AllowParameters="Y" UseAsyncDeployment="True" StyleTemplateId="1" LocalizationTemplateId="1"><NewRecordPage DataSourceType="Table" DataSourceName="Demo_Physicians" Name="Physician Registration" PageHeader="&lt;table style=&quot;background-color:#03648e; font-size: 14px; padding: 15px; color: #fff; font-family: arial; width:100%; border-radius: 3px; margin: 0px 0px 15px 0px;&quot;&gt;&#xA;&lt;td&gt;This form is for physicians to register their profile in a public-facing directory. After submission, an administrator can approve the profile for publication.&lt;/td&gt;&#xA;&lt;/table&gt;" RichHeader="True" RichFooter="True" TargetType="HTMLPage" Message="Your submission was successful. Now that you have created an account as a physician, sign in as the admin to approve the submission for publication." RichMessage="False"><Section ColumnCount="1" FieldAlignment="LeftToRight" Type="MultiColumn" DisplayOrder="1"><Field ColumnName="HTML Block 5" RichUI="true" Label="&lt;h1&gt;Physician Registration&lt;/h1&gt;" Type="HTML Block" Unique="False" DisplayOrder="1" Editable="True" Required="False" DefaultValue="" /><Field ColumnName="HTML Block 1" RichUI="true" Label="&lt;h3&gt;Personal Information&lt;/h3&gt;" Type="HTML Block" Unique="False" DisplayOrder="2" Editable="True" Required="False" DefaultValue="" /><Field ColumnName="Date_Created" Label="Date Created" Type="TimeStamp" Unique="False" DisplayOrder="3" Editable="True" DataType="DATE/TIME" Required="False" LabelOrientation="Top" DefaultValue="" /><Field ColumnName="First_Name" Label="First Name" Type="Text Field" Unique="False" DisplayOrder="4" Editable="True" DataType="STRING" LabelOrientation="Top" KeepWithNext="True" Required="True" DefaultValue="" ElementWidth="250" ElementWidthUnit="px" MaxLength="255" MinLength="0" Confirmation="false" Calendar="False" /><Field ColumnName="Last_Name" Label="Last Name" Type="Text Field" Unique="False" DisplayOrder="5" Editable="True" DataType="STRING" LabelOrientation="Top" Required="True" DefaultValue="" ElementWidth="250" ElementWidthUnit="px" MaxLength="255" MinLength="0" Confirmation="false" Calendar="False" /><Field ColumnName="Title" Label="Title" Type="Text Field" Unique="False" DisplayOrder="6" Editable="True" DataType="STRING" LabelOrientation="Top" KeepWithNext="True" Required="False" DefaultValue="" ElementWidth="250" ElementWidthUnit="px" MaxLength="255" MinLength="0" Confirmation="false" Calendar="False" /><Field ColumnName="Gender" Label="Gender" Type="Dropdown" Unique="False" DisplayOrder="7" Editable="True" DataType="STRING" LabelOrientation="Top" Required="True" ElementWidth="250" ElementWidthUnit="px"><Option Value="" DisplayText="Select Gender" IsSelected="false" DisplayOrder="" /><Option Value="Male" DisplayText="Male" IsSelected="False" DisplayOrder="" /><Option Value="Female" DisplayText="Female" IsSelected="False" DisplayOrder="" /><Format /></Field><Field ColumnName="Profile_Photo" Label="Profile Photo" Type="File" Unique="False" DisplayOrder="8" Editable="True" DataType="FILE" LabelOrientation="Top" Required="False" DefaultValue="" Association="Upload" FolderPath="/Demo" Replace="False" SizeLimit="15" DisplayType="Plain Text" EnabledRotation="False" /><Field ColumnName="HTML Block 2" RichUI="true" Label="&lt;h3&gt;Location&lt;/h3&gt;" Type="HTML Block" Unique="False" DisplayOrder="9" Editable="True" Required="False" DefaultValue="" /><Field ColumnName="Office_Name" Label="Office Name" Type="Text Field" Unique="False" DisplayOrder="10" Editable="True" DataType="STRING" LabelOrientation="Top" KeepWithNext="True" Required="False" DefaultValue="" ElementWidth="250" ElementWidthUnit="px" MaxLength="255" MinLength="0" Confirmation="false" Calendar="False" /><Field ColumnName="Office_Phone" Label="Office Phone" Type="Text Field" Unique="False" DisplayOrder="11" Editable="True" DataType="STRING" LabelOrientation="Top" Required="False" DefaultValue="" ElementWidth="250" ElementWidthUnit="px" MaxLength="255" MinLength="0" Confirmation="false" Calendar="False" /><Field ColumnName="Office_Address" Label="Office Address" Type="Text Field" Unique="False" DisplayOrder="12" Editable="True" DataType="STRING" LabelOrientation="Top" Required="False" DefaultValue="" ElementWidth="530" ElementWidthUnit="px" MaxLength="255" MinLength="0" Confirmation="false" Calendar="False" /><Field ColumnName="Office_City" Label="City" Type="Text Field" Unique="False" DisplayOrder="13" Editable="True" DataType="STRING" LabelOrientation="Top" KeepWithNext="True" Required="False" DefaultValue="" ElementWidth="200" ElementWidthUnit="px" MaxLength="255" MinLength="0" Confirmation="false" Calendar="False" /><Field ColumnName="Office_State" Label="State" Type="Dropdown" Unique="False" DisplayOrder="14" Editable="True" DataType="STRING" LabelOrientation="Top" KeepWithNext="True" Required="False" ElementWidth="150" ElementWidthUnit="px"><Option Value="" DisplayText="Select State" IsSelected="false" DisplayOrder="" /><LookUp DataSourceName="Demo_States_Lookup" DataSourceType="Table" Value="State" DisplayText="State" Distinct="true" OrderBy="ASC" SortBy="text" DisplayOrder="Bottom" /></Field><Field ColumnName="Office_Zip" Label="Zip" Type="Text Field" Unique="False" DisplayOrder="15" Editable="True" DataType="STRING" LabelOrientation="Top" Required="False" DefaultValue="" ElementWidth="120" ElementWidthUnit="px" MaxLength="255" MinLength="0" Confirmation="false" Calendar="False" /><Field ColumnName="Accepting_New_Patients" Label="Accepting New Patients" Type="Checkbox" Unique="False" DisplayOrder="16" Editable="True" DataType="YES/NO" LabelOrientation="NoPlaced" Required="false" DefaultValue="" CheckedByDefault="true" DisplayText="Accepting New Patients" CheckedValue="Y" /><Field ColumnName="HTML Block 3" RichUI="true" Label="&lt;h3&gt;Professional Details&lt;/h3&gt;&#xA;" Type="HTML Block" Unique="False" DisplayOrder="17" Editable="True" Required="False" DefaultValue="" /><Field ColumnName="Specialties" Label="Specialties" Type="MSDropdown" Unique="False" DisplayOrder="18" Editable="True" DataType="LIST-STRING" LabelOrientation="Top" KeepWithNext="True" Required="True" DefaultValue="" CheckAllValuesByDefault="False" ShowSelectAllOption="False" ElementWidth="250" ElementWidthUnit="px"><Format /></Field><Field ColumnName="Languages" Label="Languages" Type="MSDropdown" Unique="False" DisplayOrder="19" Editable="True" DataType="LIST-STRING" LabelOrientation="Top" Required="True" DefaultValue="" CheckAllValuesByDefault="False" ShowSelectAllOption="False" ElementWidth="250" ElementWidthUnit="px" /><Field ColumnName="Affiliations" Label="Affiliations" Type="Text Area" Unique="False" DisplayOrder="20" Editable="True" DataType="TEXT" LabelOrientation="Top" RichEditMode="None" KeepWithNext="True" Required="False" DefaultValue="" PlaceHolder="List network affiliates and memberships" ElementWidth="250" ElementWidthUnit="px" Rows="5" MaxLength="64000" ShowRemainingCharacters="False" /><Field ColumnName="Board_Certifications" Label="Board Certifications" Type="Text Area" Unique="False" DisplayOrder="21" Editable="True" DataType="TEXT" LabelOrientation="Top" RichEditMode="None" Required="False" DefaultValue="" PlaceHolder="List board name and certification date" ElementWidth="250" ElementWidthUnit="px" Rows="5" MaxLength="64000" ShowRemainingCharacters="False" /><Field ColumnName="Education" Label="Education" Type="Text Area" Unique="False" DisplayOrder="22" Editable="True" DataType="TEXT" LabelOrientation="Top" RichEditMode="None" KeepWithNext="True" Required="False" DefaultValue="" PlaceHolder="List formal education and degrees" ElementWidth="250" ElementWidthUnit="px" Rows="5" MaxLength="64000" ShowRemainingCharacters="False" /><Field ColumnName="About_Section" Label="About Section" Type="Text Area" Unique="False" DisplayOrder="23" Editable="True" DataType="TEXT" LabelOrientation="Top" RichEditMode="None" Required="False" DefaultValue="" PlaceHolder="Please provide a brief bio" ElementWidth="250" ElementWidthUnit="px" Rows="5" MaxLength="64000" ShowRemainingCharacters="False" /><Field ColumnName="HTML Block 4" RichUI="true" Label="&lt;h3&gt;Account Information&lt;/h3&gt;&#xA;" Type="HTML Block" Unique="False" DisplayOrder="24" Editable="True" Required="False" DefaultValue="" /><Field ColumnName="Email" Label="Email" Type="Text Field" Unique="True" DisplayOrder="25" Editable="True" DataType="STRING" LabelOrientation="Top" KeepWithNext="True" Required="True" DefaultValue="" ElementWidth="250" ElementWidthUnit="px" MaxLength="255" MinLength="0" Confirmation="true" ConfirmationLabel="Confirm Email" ConfirmationPlaceHolder="" ConfirmationHint="" CurrentPasswordHint="" CurrentPasswordPlaceHolder="" Calendar="False" /><Field ColumnName="Password" Label="Password" Type="Text Field" Unique="False" DisplayOrder="26" Editable="True" DataType="PASSWORD" LabelOrientation="Top" KeepWithNext="True" Required="True" DefaultValue="" ElementWidth="250" ElementWidthUnit="px" MaxLength="255" MinLength="6" TypePassword="True" Confirmation="True" PasswordStrengthIndicator="True" MinRequiredStrength="Fair" ConfirmationLabel="Confirm Password" ConfirmationPlaceHolder="" ConfirmationHint="" CurrentPasswordHint="" CurrentPasswordPlaceHolder="" Calendar="False" /><Field ColumnName="Account_Status" Type="Hidden" Unique="False" DisplayOrder="27" Editable="True" DataType="YES/NO" Required="False" LabelOrientation="Top" DefaultValue="Y" /><Field ColumnName="Profile_Status" Type="Hidden" Unique="False" DisplayOrder="28" Editable="True" DataType="YES/NO" Required="False" LabelOrientation="Top" DefaultValue="N" /></Section></NewRecordPage><Note /></Application><Application Type="PasswordRecovery" AppKey="409550003fb78249e8d743528a51" Name="Reset Password" HomePageName="Reset Password" Version="25..2" AjaxEnabled="True" EnableSemanticMarkup="True" AllowParameters="Y" EditAdvanced="true" UseAsyncDeployment="True" StyleTemplateId="1" LocalizationTemplateId="1"><PasswordRecoveryPage DataSourceType="Table" DataSourceName="Demo_Physicians" Name="Reset Password" PageHeader="&lt;table style=&quot;background-color:#03648e; font-size: 14px; padding: 15px; color: #fff; font-family: arial; width:100%; border-radius: 3px; margin: 0px 0px 15px 0px;&quot;&gt;&#xA;&lt;td&gt;This form allows users to reset their own passwords.&lt;/td&gt;&#xA;&lt;/table&gt;" RichHeader="True" RichFooter="True" DisplayPRForm="True" TargetTypeOk="HTMLPage" TargetTypeErr="HTMLPage" RichHTMLPageOk="True" RichHTMLPageErr="False" GlobalOperator="AND"><PasswordField ColumnName="Password" DataType="PASSWORD" Label="Password" Type="Plain Text" Unique="False" /><EMailField ColumnName="Email" DataType="STRING" FromAddress="[@app:Email_1]" Subject="Password Reset" Body="Dear User,&#xA;&#xA;We have received your request to reset your password.&#xA;&#xA;Reset your password now by clicking on the link below. This link will expire within 2 hours of receiving this email.&#xA;&#xA;[@field:#PasswordResetLink]&#xA;&#xA;Thank you,&#xA;Your Organization Name Here" ContentType="Text" /><HTMLPageErr>The information you provided does not match our records. Please try again or contact us for assistance.</HTMLPageErr><HTMLPageOk>Instructions to reset your password were sent to your email address. You will need to click on the provided link within 2 hours to complete your request.</HTMLPageOk><PasswordReset PageHeader="&lt;table style=&quot;background-color:#03648e; font-size: 14px; padding: 15px; color: #fff; font-family: arial; width:100%; border-radius: 3px; margin: 0px 0px 15px 0px;&quot;&gt;&#xA;&lt;td&gt;This form allows physicians to change their password.&lt;/td&gt;&#xA;&lt;/table&gt;" RichHeader="True" RichFooter="True" TargetType="HTMLPage" Message="Your password has been reset." RichMessage="True"><Section ColumnCount="1" FieldAlignment="LeftToRight" Type="MultiColumn" DisplayOrder="1"><Field Name="#Password" Label="Password" Type="Text Field" Unique="False" DisplayOrder="1" Editable="True" DataType="PASSWORD" LabelOrientation="Left" Required="True" DefaultValue="" Size="25" MaxLength="255" MinLength="0" TypePassword="True" Confirmation="True" PasswordStrengthIndicator="False" ConfirmationLabel="Confirm password" ConfirmationPlaceHolder="" ConfirmationHint="" CurrentPasswordHint="" CurrentPasswordPlaceHolder="" Calendar="False" /></Section></PasswordReset><Section ColumnCount="1" FieldAlignment="LeftToRight" Type="MultiColumn" DisplayOrder="1"><Field ColumnName="HTML Block 1" DisplayOrder="1"><FieldMatch RichUI="True" Label="&lt;h1&gt;Reset Password&lt;/h1&gt;" Type="HTML Block" Unique="False" DisplayOrder="1" Required="True" MatchNull="N" Operator="" DefaultValue="" /></Field><Field ColumnName="Email" DataType="STRING" TypePassword="False" CaseSensitive="False" DisplayOrder="2"><FieldMatch Label="Email" Type="Text Field" Unique="True" DisplayOrder="1" Editable="True" LabelOrientation="Top" Required="True" ComparisonType="=" MatchNull="N" Operator="" DefaultValue="" ElementWidth="250" ElementWidthUnit="px" MaxLength="255" MinLength="0" Calendar="False" /></Field></Section></PasswordRecoveryPage><Note /></Application><Application Type="WebForm" AppKey="4095500037d52e1ae3414759b45b" Name="Update Profile" HomePageName="Update Profile" Version="25..2" AjaxEnabled="True" EnableSemanticMarkup="True" AllowParameters="Y" UseAsyncDeployment="True" StyleTemplateId="1" LocalizationTemplateId="1"><UpdateRecordPage DataSourceType="Table" DataSourceName="Demo_Physicians" Name="Update Profile" PageHeader="&lt;table style=&quot;background-color:#03648e; font-size: 14px; padding: 15px; color: #fff; font-family: arial; width:100%; border-radius: 3px; margin: 0px 0px 15px 0px;&quot;&gt;&#xA;  &lt;tr&gt;&#xA;   &lt;td&gt;This form allows physicians to update their profile.&lt;/td&gt;&#xA;  &lt;/tr&gt;&#xA;&lt;/table&gt;&#xA;&#xA;&lt;div style=&quot;width: 100%;&quot;&gt;&#xA;&lt;div style=&quot;float:right;&quot;&gt;&lt;a href=&quot;../folderlogout&quot; style=&quot;text-decoration: underline; font-size: 14px; font-family: arial;&quot;&gt;Logout&lt;/a&gt;&lt;/div&gt;&#xA;&lt;/div&gt;&#xA;" RichHeader="True" RichFooter="True" TargetType="HTMLPage" Message="Data was updated successfully." RichMessage="False"><Section ColumnCount="1" FieldAlignment="LeftToRight" Type="MultiColumn" DisplayOrder="1"><Field ColumnName="HTML Block 1" RichUI="true" Label="&lt;h1&gt;Physician Profile&lt;/h1&gt;" Type="HTML Block" Unique="False" DisplayOrder="1" Editable="True" Required="False" DefaultValue="" /><Field ColumnName="Profile_Photo" Label="Profile Photo" Type="File" Unique="False" DisplayOrder="2" Editable="True" DataType="FILE" LabelOrientation="NoPlaced" Required="False" DefaultValue="" Association="Upload" FolderPath="/Demo" Replace="False" SizeLimit="1" DisplayType="Image" Width="200" Height="" EnabledRotation="False" /><Field ColumnName="First_Name" Label="First Name" Type="Text Field" Unique="False" DisplayOrder="3" Editable="True" DataType="STRING" LabelOrientation="Top" KeepWithNext="True" Required="True" DefaultValue="" ElementWidth="250" ElementWidthUnit="px" MaxLength="255" MinLength="0" Confirmation="false" Calendar="False" /><Field ColumnName="Last_Name" Label="Last Name" Type="Text Field" Unique="False" DisplayOrder="4" Editable="True" DataType="STRING" LabelOrientation="Top" Required="True" DefaultValue="" ElementWidth="250" ElementWidthUnit="px" MaxLength="255" MinLength="0" Confirmation="false" Calendar="False" /><Field ColumnName="Title" Label="Title" Type="Text Field" Unique="False" DisplayOrder="5" Editable="True" DataType="STRING" LabelOrientation="Top" KeepWithNext="True" Required="False" DefaultValue="" ElementWidth="250" ElementWidthUnit="px" MaxLength="255" MinLength="0" Confirmation="false" Calendar="False" /><Field ColumnName="Gender" Label="Gender" Type="Dropdown" Unique="False" DisplayOrder="6" Editable="True" DataType="STRING" LabelOrientation="Top" Required="True" ElementWidth="250" ElementWidthUnit="px"><Option Value="Male" DisplayText="Male" IsSelected="false" DisplayOrder="" /><Option Value="Female" DisplayText="Female" IsSelected="False" DisplayOrder="" /><Format Type="" /></Field><Field ColumnName="HTML Block 2" RichUI="true" Label="&lt;h3&gt;Location&lt;/h3&gt;&#xA;" Type="HTML Block" Unique="False" DisplayOrder="7" Editable="True" Required="False" DefaultValue="" /><Field ColumnName="Office_Name" Label="Office Name" Type="Text Field" Unique="False" DisplayOrder="8" Editable="True" DataType="STRING" LabelOrientation="Top" KeepWithNext="True" Required="False" DefaultValue="" ElementWidth="250" ElementWidthUnit="px" MaxLength="255" MinLength="0" Confirmation="false" Calendar="False" /><Field ColumnName="Office_Phone" Label="Office Phone" Type="Text Field" Unique="False" DisplayOrder="9" Editable="True" DataType="STRING" LabelOrientation="Top" Required="False" DefaultValue="" ElementWidth="250" ElementWidthUnit="px" MaxLength="255" MinLength="0" Confirmation="false" Calendar="False" /><Field ColumnName="Office_Address" Label="Address" Type="Text Field" Unique="False" DisplayOrder="10" Editable="True" DataType="STRING" LabelOrientation="Top" Required="False" DefaultValue="" ElementWidth="530" ElementWidthUnit="px" MaxLength="255" MinLength="0" Confirmation="false" Calendar="False" /><Field ColumnName="Office_City" Label="City" Type="Text Field" Unique="False" DisplayOrder="11" Editable="True" DataType="STRING" LabelOrientation="Top" KeepWithNext="True" Required="False" DefaultValue="" ElementWidth="200" ElementWidthUnit="px" MaxLength="255" MinLength="0" Confirmation="false" Calendar="False" /><Field ColumnName="Office_State" Label="Office State" Type="Dropdown" Unique="False" DisplayOrder="12" Editable="True" DataType="STRING" LabelOrientation="Top" KeepWithNext="True" Required="False" ElementWidth="150" ElementWidthUnit="px"><LookUp DataSourceName="Demo_States_Lookup" DataSourceType="Table" Value="State" DisplayText="State" Distinct="true" OrderBy="ASC" SortBy="text" DisplayOrder="Bottom" /><Format Type="" /></Field><Field ColumnName="Office_Zip" Label="Office Zip" Type="Text Field" Unique="False" DisplayOrder="13" Editable="True" DataType="STRING" LabelOrientation="Top" Required="False" DefaultValue="" ElementWidth="120" ElementWidthUnit="px" MaxLength="255" MinLength="0" Confirmation="false" Calendar="False" /><Field ColumnName="Accepting_New_Patients" Label="" Type="Checkbox" Unique="False" DisplayOrder="14" Editable="True" DataType="YES/NO" LabelOrientation="NoPlaced" Required="false" DefaultValue="" CheckedByDefault="False" DisplayText="Accepting New Patients" CheckedValue="" /><Field ColumnName="HTML Block 3" RichUI="true" Label="&lt;h3&gt;Professional Details&lt;/h3&gt;" Type="HTML Block" Unique="False" DisplayOrder="15" Editable="True" Required="False" DefaultValue="" /><Field ColumnName="Specialties" Label="Specialties" Type="MSDropdown" Unique="False" DisplayOrder="16" Editable="True" DataType="LIST-STRING" LabelOrientation="Top" KeepWithNext="True" Required="True" DefaultValue="" ShowSelectAllOption="False" ElementWidth="250" ElementWidthUnit="px"><Format Type="" /></Field><Field ColumnName="Languages" Label="Languages Spoken" Type="MSDropdown" Unique="False" DisplayOrder="17" Editable="True" DataType="LIST-STRING" LabelOrientation="Top" Required="True" DefaultValue="" ShowSelectAllOption="False" ElementWidth="250" ElementWidthUnit="px"><Format Type="" /></Field><Field ColumnName="Affiliations" Label="Affiliations" Type="Text Area" Unique="False" DisplayOrder="18" Editable="True" DataType="TEXT" LabelOrientation="Top" RichEditMode="None" KeepWithNext="True" Required="False" DefaultValue="" ElementWidth="250" ElementWidthUnit="px" Rows="8" MaxLength="64000" ShowRemainingCharacters="False" /><Field ColumnName="Board_Certifications" Label="Board Certifications" Type="Text Area" Unique="False" DisplayOrder="19" Editable="True" DataType="TEXT" LabelOrientation="Top" Required="False" DefaultValue="" ElementWidth="250" ElementWidthUnit="px" Rows="8" MaxLength="64000" ShowRemainingCharacters="False" /><Field ColumnName="Education" Label="Education" Type="Text Area" Unique="False" DisplayOrder="20" Editable="True" DataType="TEXT" LabelOrientation="Top" RichEditMode="None" KeepWithNext="True" Required="False" DefaultValue="" ElementWidth="250" ElementWidthUnit="px" Rows="8" MaxLength="64000" ShowRemainingCharacters="False" /><Field ColumnName="About_Section" Label="About Section" Type="Text Area" Unique="False" DisplayOrder="21" Editable="True" DataType="TEXT" LabelOrientation="Top" RichEditMode="None" Required="False" DefaultValue="" ElementWidth="250" ElementWidthUnit="px" Rows="8" MaxLength="64000" ShowRemainingCharacters="False" /><Field ColumnName="HTML Block 4" RichUI="true" Label="&lt;h3&gt;Account Information&lt;/h3&gt;" Type="HTML Block" Unique="False" DisplayOrder="22" Editable="True" Required="False" DefaultValue="" /><Field ColumnName="Email" Label="Email" Type="Text Field" Unique="True" DisplayOrder="23" Editable="True" DataType="STRING" LabelOrientation="Top" KeepWithNext="True" Required="True" DefaultValue="" ElementWidth="250" ElementWidthUnit="px" MaxLength="255" MinLength="0" Confirmation="true" ConfirmationLabel="Confirm Email" ConfirmationPlaceHolder="" ConfirmationHint="" CurrentPasswordHint="" CurrentPasswordPlaceHolder="" Calendar="False" /><Field ColumnName="Password" Label="Password" Type="Text Field" Unique="False" DisplayOrder="24" Editable="True" DataType="PASSWORD" LabelOrientation="Top" KeepWithNext="True" Required="False" DefaultValue="" ElementWidth="250" ElementWidthUnit="px" MaxLength="255" MinLength="0" TypePassword="True" Confirmation="True" PasswordStrengthIndicator="False" EnableCurrentPasswordValidation="FALSE" ConfirmationLabel="Confirm Password" ConfirmationPlaceHolder="" ConfirmationHint="" CurrentPasswordHint="" CurrentPasswordPlaceHolder="" Calendar="False" /></Section><RowLevelSecurity Field="Physician_ID" AuthenticationField="Physician_ID" /></UpdateRecordPage><Note /></Application></xml>