﻿<?xml version="1.0" encoding="utf-8" ?><xml><View Name="Demo_Admins_Active"><Table Name="Demo_Users" Alias="Demo_Users"><Field Name="User_ID" Alias="User_ID" DisplayOrder="1" /><Field Name="Name" Alias="Name" DisplayOrder="2" /><Field Name="Email" Alias="Email" DisplayOrder="3" /><Field Name="Password" Alias="Password" DisplayOrder="4" /><Field Name="Role" Alias="Role" DisplayOrder="5" /><Field Name="Active" Alias="Active" DisplayOrder="6" /></Table><Condition Table="Demo_Users" TableAlias="Demo_Users" Field="Role" DataType="STRING" IsFormula="False"><Match ComparisonType="=" Value="Admin" CriteriaId="1" /></Condition><Condition Table="Demo_Users" TableAlias="Demo_Users" Field="Active" DataType="YES/NO" IsFormula="False"><Match ComparisonType="=" Value="1" CriteriaId="2" /></Condition><CriteriaRoot><CriteriaGroup Type="AND" TmpUIId="1"><CriteriaItem x="71" y="20" TmpUIId="2" CriteriaId="1" /><CriteriaItem x="71" y="56" TmpUIId="3" CriteriaId="2" /></CriteriaGroup></CriteriaRoot></View><View Name="Demo_Physicians_Active"><Table Name="Demo_Physicians" Alias="Demo_Physicians"><Field Name="Physician_ID" Alias="Physician_ID" DisplayOrder="1" /><Field Name="Date_Created" Alias="Date_Created" DisplayOrder="2" /><Field Name="First_Name" Alias="First_Name" DisplayOrder="3" /><Field Name="Last_Name" Alias="Last_Name" DisplayOrder="4" /><Field Name="Full_Name" Alias="Full_Name" DisplayOrder="5" /><Field Name="Gender" Alias="Gender" DisplayOrder="6" /><Field Name="Email" Alias="Email" DisplayOrder="7" /><Field Name="Password" Alias="Password" DisplayOrder="8" /><Field Name="Account_Status" Alias="Account_Status" DisplayOrder="9" /><Field Name="Profile_Status" Alias="Profile_Status" DisplayOrder="10" /><Field Name="Profile_Photo" Alias="Profile_Picture" DisplayOrder="11" /><Field Name="Specialties" Alias="Specialties" DisplayOrder="12" /><Field Name="About_Section" Alias="About_Section" DisplayOrder="13" /><Field Name="Education" Alias="Education_and_Training" DisplayOrder="14" /><Field Name="Languages" Alias="Languages_Spoken" DisplayOrder="15" /><Field Name="Office_Address" Alias="Office_Address" DisplayOrder="16" /><Field Name="Office_City" Alias="Office_City" DisplayOrder="17" /><Field Name="Office_State" Alias="Office_State" DisplayOrder="18" /><Field Name="Office_Zip" Alias="Office_Zip" DisplayOrder="19" /><Field Name="Title" Alias="Title" DisplayOrder="20" /><Field Name="Accepting_New_Patients" Alias="Accepting_New_Patients" DisplayOrder="21" /><Field Name="Affiliations" Alias="Affiliations" DisplayOrder="22" /><Field Name="Board_Certifications" Alias="Board_Certifications" DisplayOrder="23" /><Field Name="Office_Name" Alias="Office_Name" DisplayOrder="24" /><Field Name="Office_Phone" Alias="Office_Phone" DisplayOrder="25" /><Field Name="ViewCount" Alias="ViewCount" DisplayOrder="27" /></Table><Condition Table="Demo_Physicians" TableAlias="Demo_Physicians" Field="Account_Status" DataType="YES/NO" IsFormula="False"><Match ComparisonType="=" Value="1" CriteriaId="1" /></Condition><CriteriaRoot><CriteriaGroup Type="AND" TmpUIId="1"><CriteriaItem x="70" y="21" TmpUIId="2" CriteriaId="1" /></CriteriaGroup></CriteriaRoot></View><View Name="Demo_Physicians_Published"><Table Name="Demo_Physicians" Alias="Demo_Physicians"><Field Name="Physician_ID" Alias="Physician_ID" DisplayOrder="1" /><Field Name="Date_Created" Alias="Date_Created" DisplayOrder="2" /><Field Name="First_Name" Alias="First_Name" DisplayOrder="3" /><Field Name="Last_Name" Alias="Last_Name" DisplayOrder="4" /><Field Name="Full_Name" Alias="Full_Name" DisplayOrder="5" /><Field Name="Gender" Alias="Gender" DisplayOrder="6" /><Field Name="Email" Alias="Email" DisplayOrder="7" /><Field Name="Password" Alias="Password" DisplayOrder="8" /><Field Name="Account_Status" Alias="Account_Status" DisplayOrder="9" /><Field Name="Profile_Status" Alias="Profile_Status" DisplayOrder="10" /><Field Name="Profile_Photo" Alias="Profile_Picture" DisplayOrder="11" /><Field Name="Specialties" Alias="Specialties" DisplayOrder="12" /><Field Name="About_Section" Alias="About_Section" DisplayOrder="13" /><Field Name="Education" Alias="Education_and_Training" DisplayOrder="14" /><Field Name="Languages" Alias="Languages_Spoken" DisplayOrder="15" /><Field Name="Office_Address" Alias="Office_Address" DisplayOrder="16" /><Field Name="Office_City" Alias="Office_City" DisplayOrder="17" /><Field Name="Office_State" Alias="Office_State" DisplayOrder="18" /><Field Name="Office_Zip" Alias="Office_Zip" DisplayOrder="19" /><Field Name="Title" Alias="Title" DisplayOrder="20" /><Field Name="Accepting_New_Patients" Alias="Accepting_New_Patients" DisplayOrder="21" /><Field Name="Affiliations" Alias="Affiliations" DisplayOrder="22" /><Field Name="Board_Certifications" Alias="Board_Certifications" DisplayOrder="23" /><Field Name="Office_Name" Alias="Office_Name" DisplayOrder="24" /><Field Name="Office_Phone" Alias="Office_Phone" DisplayOrder="25" /><Field Name="ViewCount" Alias="ViewCount" DisplayOrder="27" /></Table><Condition Table="Demo_Physicians" TableAlias="Demo_Physicians" Field="Profile_Status" DataType="YES/NO" IsFormula="False"><Match ComparisonType="=" Value="1" CriteriaId="1" /></Condition><CriteriaRoot><CriteriaGroup Type="AND" TmpUIId="1"><CriteriaItem x="78" y="21" TmpUIId="2" CriteriaId="1" /></CriteriaGroup></CriteriaRoot></View></xml>