<PackageManifest>
  <Item File="App Settings/AppSettings.xml">
    <Sign>Fyq0AbB2fQUxC3xiBmt3vOJXTkQ8Z33UPuv6iwAEKpQq1UPoK1JSXA==</Sign>
  </Item>
  <Item File="Authentications_2021-Feb-28_0339.xml">
    <Sign>lHPPVeLaorALZ9hF96ngd+WVGd4/UgIVW7v3WoPVm6rOfGrDMQbjqg==</Sign>
  </Item>
  <Item File="DataPages_2021-Feb-28_0339.xml">
    <Sign>EfOqJ6ihKXGflbjNBbpqZcZ28qwrLIQea9oWUsXxUzvnL9V1WArhrg==</Sign>
  </Item>
  <Item File="Tables_2021-Feb-28_0339.xml">
    <Sign>LjGfgh5hUiILKU7yBgZGLUQ/yZMJjzmVTknbLlsjQ+/jVAVbpE/fKg==</Sign>
  </Item>
  <Item File="Views_2021-Feb-28_0339.xml">
    <Sign>k/SSRPD9AIU+AaFBHGOu8XJfzCxCpABcPMzBnthVZryUjrX3rYGxXA==</Sign>
  </Item>
</PackageManifest>